[
  {
    "empid": 1001,
    "first_name": "Liliane",
    "last_name": "Goodered",
    "email": "lgoodered0@google.fr",
    "empyear": 10,
    "maried": false,
    "children": false
  },
  {
    "empid": 1002,
    "first_name": "Shanan",
    "last_name": "Danilyuk",
    "email": "sdanilyuk1@posterous.com",
    "empyear": 10,
    "maried": false,
    "children": true
  },
  {
    "empid": 1003,
    "first_name": "Ariella",
    "last_name": "Adshad",
    "email": "aadshad2@cornell.edu",
    "empyear": 10,
    "maried": false,
    "children": false
  },
  {
    "empid": 1004,
    "first_name": "Tasia",
    "last_name": "Simmance",
    "email": "tsimmance3@aol.com",
    "empyear": 10,
    "maried": true,
    "children": true
  },
  {
    "empid": 1005,
    "first_name": "Dido",
    "last_name": "Terzi",
    "email": "dterzi4@comcast.net",
    "empyear": 10,
    "maried": false,
    "children": true
  },
  {
    "empid": 1006,
    "first_name": "Barnard",
    "last_name": "Scala",
    "email": "bscala5@blinklist.com",
    "empyear": 8,
    "maried": true,
    "children": false
  },
  {
    "empid": 1007,
    "first_name": "Lusa",
    "last_name": "Penwarden",
    "email": "lpenwarden6@hubpages.com",
    "empyear": 4,
    "maried": true,
    "children": false
  },
  {
    "empid": 1008,
    "first_name": "Cathrin",
    "last_name": "Minard",
    "email": "cminard7@unblog.fr",
    "empyear": 1,
    "maried": true,
    "children": false
  },
  {
    "empid": 1009,
    "first_name": "Mathilda",
    "last_name": "Randlesome",
    "email": "mrandlesome8@sciencedaily.com",
    "empyear": 5,
    "maried": true,
    "children": true
  },
  {
    "empid": 1010,
    "first_name": "Griffie",
    "last_name": "Filipychev",
    "email": "gfilipychev9@rambler.ru",
    "empyear": 9,
    "maried": false,
    "children": true
  },
  {
    "empid": 1011,
    "first_name": "Mozes",
    "last_name": "Guillard",
    "email": "mguillarda@behance.net",
    "empyear": 4,
    "maried": true,
    "children": false
  },
  {
    "empid": 1012,
    "first_name": "Craggie",
    "last_name": "Avramov",
    "email": "cavramovb@wordpress.com",
    "empyear": 4,
    "maried": false,
    "children": true
  },
  {
    "empid": 1013,
    "first_name": "Laural",
    "last_name": "Kobieriecki",
    "email": "lkobierieckic@parallels.com",
    "empyear": 4,
    "maried": false,
    "children": false
  },
  {
    "empid": 1014,
    "first_name": "Roldan",
    "last_name": "Cristoferi",
    "email": "rcristoferid@over-blog.com",
    "empyear": 7,
    "maried": true,
    "children": true
  },
  {
    "empid": 1015,
    "first_name": "Sianna",
    "last_name": "Terrill",
    "email": "sterrille@webmd.com",
    "empyear": 1,
    "maried": false,
    "children": false
  },
  {
    "empid": 1016,
    "first_name": "Harbert",
    "last_name": "Malinowski",
    "email": "hmalinowskif@vk.com",
    "empyear": 6,
    "maried": false,
    "children": false
  },
  {
    "empid": 1017,
    "first_name": "Jasen",
    "last_name": "Gowing",
    "email": "jgowingg@bloglovin.com",
    "empyear": 4,
    "maried": false,
    "children": false
  },
  {
    "empid": 1018,
    "first_name": "Layla",
    "last_name": "Steptowe",
    "email": "lsteptoweh@nature.com",
    "empyear": 8,
    "maried": false,
    "children": true
  },
  {
    "empid": 1019,
    "first_name": "Odessa",
    "last_name": "Durak",
    "email": "oduraki@studiopress.com",
    "empyear": 7,
    "maried": true,
    "children": true
  },
  {
    "empid": 1020,
    "first_name": "Pacorro",
    "last_name": "Bernaldo",
    "email": "pbernaldoj@wsj.com",
    "empyear": 9,
    "maried": true,
    "children": false
  },
  {
    "empid": 1021,
    "first_name": "Alexine",
    "last_name": "Pleace",
    "email": "apleacek@google.com.hk",
    "empyear": 6,
    "maried": false,
    "children": false
  },
  {
    "empid": 1022,
    "first_name": "Sherie",
    "last_name": "Scobbie",
    "email": "sscobbiel@edublogs.org",
    "empyear": 3,
    "maried": true,
    "children": false
  },
  {
    "empid": 1023,
    "first_name": "Bord",
    "last_name": "Hubbucke",
    "email": "bhubbuckem@oaic.gov.au",
    "empyear": 7,
    "maried": true,
    "children": false
  },
  {
    "empid": 1024,
    "first_name": "Rod",
    "last_name": "Greated",
    "email": "rgreatedn@eepurl.com",
    "empyear": 1,
    "maried": false,
    "children": true
  },
  {
    "empid": 1025,
    "first_name": "Ryan",
    "last_name": "Ferreli",
    "email": "rferrelio@upenn.edu",
    "empyear": 7,
    "maried": true,
    "children": false
  },
  {
    "empid": 1026,
    "first_name": "Staffard",
    "last_name": "Mancell",
    "email": "smancellp@jigsy.com",
    "empyear": 4,
    "maried": false,
    "children": false
  },
  {
    "empid": 1027,
    "first_name": "Philippe",
    "last_name": "Varga",
    "email": "pvargaq@booking.com",
    "empyear": 1,
    "maried": false,
    "children": true
  },
  {
    "empid": 1028,
    "first_name": "Jorgan",
    "last_name": "Middlemass",
    "email": "jmiddlemassr@wikia.com",
    "empyear": 8,
    "maried": false,
    "children": true
  },
  {
    "empid": 1029,
    "first_name": "Velma",
    "last_name": "Bethel",
    "email": "vbethels@themeforest.net",
    "empyear": 1,
    "maried": false,
    "children": true
  },
  {
    "empid": 1030,
    "first_name": "Libbey",
    "last_name": "Androlli",
    "email": "landrollit@fda.gov",
    "empyear": 9,
    "maried": false,
    "children": false
  },
  {
    "empid": 1031,
    "first_name": "Gaultiero",
    "last_name": "Drinkwater",
    "email": "gdrinkwateru@icio.us",
    "empyear": 2,
    "maried": false,
    "children": true
  },
  {
    "empid": 1032,
    "first_name": "Wang",
    "last_name": "Wills",
    "email": "wwillsv@mlb.com",
    "empyear": 9,
    "maried": true,
    "children": false
  },
  {
    "empid": 1033,
    "first_name": "Dale",
    "last_name": "Rowan",
    "email": "drowanw@privacy.gov.au",
    "empyear": 2,
    "maried": true,
    "children": true
  },
  {
    "empid": 1034,
    "first_name": "Lee",
    "last_name": "Sturdgess",
    "email": "lsturdgessx@typepad.com",
    "empyear": 9,
    "maried": true,
    "children": false
  },
  {
    "empid": 1035,
    "first_name": "Taite",
    "last_name": "Stichall",
    "email": "tstichally@cbsnews.com",
    "empyear": 2,
    "maried": true,
    "children": false
  },
  {
    "empid": 1036,
    "first_name": "Moll",
    "last_name": "Gabitis",
    "email": "mgabitisz@slate.com",
    "empyear": 7,
    "maried": true,
    "children": false
  },
  {
    "empid": 1037,
    "first_name": "Joycelin",
    "last_name": "Henzley",
    "email": "jhenzley10@tinyurl.com",
    "empyear": 7,
    "maried": true,
    "children": true
  },
  {
    "empid": 1038,
    "first_name": "Derick",
    "last_name": "Solon",
    "email": "dsolon11@wsj.com",
    "empyear": 1,
    "maried": true,
    "children": false
  },
  {
    "empid": 1039,
    "first_name": "Rosemarie",
    "last_name": "Walenta",
    "email": "rwalenta12@columbia.edu",
    "empyear": 10,
    "maried": true,
    "children": false
  },
  {
    "empid": 1040,
    "first_name": "Fannie",
    "last_name": "Wettern",
    "email": "fwettern13@imdb.com",
    "empyear": 6,
    "maried": false,
    "children": true
  },
  {
    "empid": 1041,
    "first_name": "Isadora",
    "last_name": "Everleigh",
    "email": "ieverleigh14@woothemes.com",
    "empyear": 5,
    "maried": true,
    "children": false
  },
  {
    "empid": 1042,
    "first_name": "Giana",
    "last_name": "Orridge",
    "email": "gorridge15@adobe.com",
    "empyear": 6,
    "maried": false,
    "children": true
  },
  {
    "empid": 1043,
    "first_name": "Gwendolen",
    "last_name": "Iveson",
    "email": "giveson16@yandex.ru",
    "empyear": 1,
    "maried": true,
    "children": false
  },
  {
    "empid": 1044,
    "first_name": "Bathsheba",
    "last_name": "Navarro",
    "email": "bnavarro17@gmpg.org",
    "empyear": 8,
    "maried": false,
    "children": true
  },
  {
    "empid": 1045,
    "first_name": "Irvin",
    "last_name": "Brakespear",
    "email": "ibrakespear18@ning.com",
    "empyear": 8,
    "maried": false,
    "children": true
  },
  {
    "empid": 1046,
    "first_name": "Glynda",
    "last_name": "O'Heaney",
    "email": "goheaney19@netvibes.com",
    "empyear": 9,
    "maried": false,
    "children": false
  },
  {
    "empid": 1047,
    "first_name": "Stacee",
    "last_name": "Probat",
    "email": "sprobat1a@businessweek.com",
    "empyear": 5,
    "maried": false,
    "children": false
  },
  {
    "empid": 1048,
    "first_name": "Northrup",
    "last_name": "Blabey",
    "email": "nblabey1b@twitpic.com",
    "empyear": 8,
    "maried": true,
    "children": false
  },
  {
    "empid": 1049,
    "first_name": "Bowie",
    "last_name": "Pawlicki",
    "email": "bpawlicki1c@businesswire.com",
    "empyear": 3,
    "maried": false,
    "children": true
  },
  {
    "empid": 1050,
    "first_name": "Marylee",
    "last_name": "Collen",
    "email": "mcollen1d@sakura.ne.jp",
    "empyear": 5,
    "maried": true,
    "children": false
  }
]
